Epoch Number,Training Loss,Testing Loss
0,0.149950355733834,0.22083912364074162
